login,name,company,location,email,hireable,bio,public_repos,followers,following,created_at
hannahelliott,Daniel Smith,"THOMAS, MELENDEZ AND QUINN",Berlin,daniellemayo@example.com,true,Senior we mouth.,45,309,86,2022-08-11
roberthicks,Ryan Washington,WILLIAMS AND SONS,Berlin,yburke@example.net,false,Pretty despite include others region continue.,33,248,62,2021-01-23
joel37,Sarah Nguyen,CARR LTD,Berlin,mariephillips@example.com,true,Myself involve final to final.,26,390,33,2023-06-29
hernandezjoshua,Heather Ramirez,MILLER INC,Berlin,lisa93@example.org,true,Government wife north treatment authority.,49,639,4,2021-02-16
johnschroeder,Jane Klein,"SUTTON, DIXON AND BISHOP",Berlin,brandysmith@example.net,true,As from never news father heavy.,20,556,32,2024-09-15
kimjessica,John Ryan,SLOAN GROUP,Berlin,dakotawilson@example.com,false,Gas policy free represent seek.,27,548,43,2020-01-09
tara58,Danielle Hernandez,WEBSTER LTD,Berlin,uwest@example.org,false,Reflect quite guess just.,30,595,29,2020-08-13
keithfields,Thomas Brown,ROBBINS AND SONS,Berlin,jamescarr@example.com,false,Fast happen build create human.,41,593,21,2022-02-02
qrobinson,Charles Anderson,SMITH-GARCIA,Berlin,halvarado@example.com,false,Country something ground if learn role.,7,227,53,2021-07-29
jordanwood,John Price,SELLERS-MARTIN,Berlin,victor15@example.com,false,Morning improve science middle many.,50,403,55,2022-12-31
lindseygallagher,David Garrett,ELLIOTT-THOMAS,Berlin,fraziermisty@example.net,true,Trouble decide trial great.,26,730,15,2022-09-07
pagecassandra,Luke Robertson,ORR-ALLEN,Berlin,jose67@example.net,false,Person nation cut.,29,403,5,2022-09-06
ymaldonado,Jonathan Lawrence,"PAYNE, REED AND VARGAS",Berlin,younggerald@example.com,false,Oil Mr modern his.,20,940,34,2023-02-17
gerald93,Jennifer Simmons,"TRAN, JIMENEZ AND CRUZ",Berlin,angelamercer@example.net,true,Produce truth report carry.,45,550,43,2021-12-25
rodney25,Ebony Garcia,"ORR, PATRICK AND HERRING",Berlin,olsondonald@example.net,true,Deep morning control why look nearly worry.,38,869,55,2022-03-22
mdurham,Nancy Klein,ARMSTRONG LLC,Berlin,david40@example.org,true,Although season they gun western structure.,44,293,37,2024-04-02
youngdebra,Ashley Barajas,CARDENAS-WRIGHT,Berlin,gcollier@example.org,true,Rule suggest plan according.,46,371,45,2024-06-24
kelly90,Nicole Mahoney,WEBER GROUP,Berlin,hamiltonjuan@example.com,false,Mention long beyond less later character election.,10,230,85,2021-02-24
lindsaymendoza,Angela Holland,"JAMES, TRAN AND MEDINA",Berlin,garciajason@example.org,true,Huge religious hotel reason southern.,27,548,16,2020-02-21
franciscogibson,Allen Anderson,"GUERRA, HENRY AND EDWARDS",Berlin,farmermelanie@example.net,false,Beyond concern camera address choice.,21,871,32,2020-01-01
hreyes,Tiffany Leach,HERNANDEZ PLC,Berlin,rodriguezlindsey@example.com,false,Away start institution job.,42,880,52,2022-07-17
sarahwest,Scott Payne,HOLDEN-FREDERICK,Berlin,robertsdennis@example.org,true,Bill them of while stay involve skin.,8,236,47,2023-04-02
figueroadonald,Johnathan Carr,BATES-WEST,Berlin,vstewart@example.net,true,Major somebody local minute.,47,615,19,2021-05-18
garciageorge,Michelle Rollins,"ROBINSON, FARMER AND ROSE",Berlin,davidwalker@example.net,false,Hair week describe person affect.,12,385,21,2020-11-27
esmith,Joseph Flores,MCLAUGHLIN AND SONS,Berlin,claymichael@example.com,true,Article wrong class leader.,8,285,83,2023-10-21
tfletcher,Erin Hudson,HOLLAND LTD,Berlin,umcclain@example.net,false,Each difficult success mission cover.,39,517,78,2021-08-12
johnrose,Jodi Fields,HEATH AND SONS,Berlin,matthew93@example.net,true,Dog nice floor carry organization dark chance.,43,899,10,2023-04-19
chamberssandra,Jacqueline Mcguire,QUINN-CARR,Berlin,williamsmith@example.org,false,Owner art break PM huge north.,28,971,62,2021-09-25
joeldeleon,Jordan Allen,TAYLOR LLC,Berlin,alec83@example.com,false,Bill often drive write themselves attention.,38,765,9,2022-03-17
darren77,Kenneth Gonzalez,"VASQUEZ, WHEELER AND COOPER",Berlin,tiffany76@example.net,false,Movement brother goal how in sound.,17,702,6,2020-10-10
danielsjaime,William Gibson,ALLEN INC,Berlin,coxdavid@example.com,true,Administration recognize maybe seven.,26,547,72,2023-09-30
icoleman,Renee Bennett,FORD LTD,Berlin,bryancrane@example.com,false,Fund understand threat third positive glass affect.,44,271,80,2022-07-05
elizabeth97,Angela Decker,BOYD-WOODS,Berlin,christophernovak@example.org,false,Everybody goal sure and.,5,842,40,2023-02-02
michellecastillo,Kathleen Cooper,"LEWIS, PATRICK AND LEE",Berlin,tharris@example.com,false,First that when movement.,38,949,40,2022-07-25
francis71,Cody Ross DDS,CARTER-HUGHES,Berlin,courtney48@example.net,true,Specific receive staff or.,38,969,74,2020-08-31
matthewwilliams,Tara Griffith,GOMEZ-ROGERS,Berlin,dylanshields@example.com,false,Appear finally something source attack bring.,13,859,71,2022-06-26
josephward,Charles Jones,SMITH GROUP,Berlin,nathan26@example.com,false,Conference image event special create.,2,469,100,2020-04-02
carl17,Christine Joseph,NEWMAN GROUP,Berlin,christinagarcia@example.com,true,Small leave particular recently across.,11,670,18,2023-08-08
mbarrett,Maureen Williams,GARCIA INC,Berlin,gabriella18@example.com,false,Design even western group brother street key.,1,537,96,2021-08-14
breannagonzalez,Eileen Crawford,"HUBBARD, JAMES AND FLORES",Berlin,dillonolson@example.net,true,Whatever myself lose quickly husband cell.,43,295,52,2023-08-25
odomnancy,Patrick Thompson,"ARMSTRONG, SANTIAGO AND WELLS",Berlin,hannah00@example.net,false,If into economic benefit claim billion.,14,232,47,2023-06-27
millerrebecca,Timothy Gonzales,WADE-HENDERSON,Berlin,griffintim@example.com,true,Few important yes social defense four within.,31,816,63,2022-07-12
jonathanherrera,Jeffrey Villegas,OLIVER PLC,Berlin,csilva@example.org,true,Gun attack view book most.,42,833,13,2021-05-10
xbrown,Terry Meyer,"SANCHEZ, WHITE AND SHERMAN",Berlin,dtaylor@example.net,true,Figure agent behind.,23,725,26,2020-06-14
janet00,Richard Conley,HENSLEY PLC,Berlin,dennis63@example.com,true,Property nice interest perform everyone federal.,4,224,67,2022-04-05
mark81,Linda Romero MD,OLIVER LLC,Berlin,tiffanygonzalez@example.com,false,Prepare top stay standard.,46,430,66,2024-01-20
alisonvillegas,Anthony Fuller,GRIFFITH-WILSON,Berlin,amy83@example.org,true,Many month southern under artist recognize student.,43,539,35,2022-08-16
carlosheath,Karen Lopez,COLEMAN AND SONS,Berlin,mcarey@example.org,false,Resource stay local fact.,6,854,38,2021-08-18
paulmerritt,Melissa Smith,GRAHAM LTD,Berlin,rachel27@example.org,false,Development guy like suffer throw cause cell.,8,453,84,2020-05-06
steven29,Daniel King,"WELLS, BURNS AND THOMAS",Berlin,trevor06@example.org,false,And executive be like part.,9,385,96,2022-12-26
smithalice,Kathleen Harrison,SULLIVAN-JACKSON,Berlin,johnroberts@example.com,false,Remain campaign trial serious house.,24,500,59,2021-05-26
fowlerdaniel,Susan Smith,"ROSE, SLOAN AND NOLAN",Berlin,wayneking@example.com,false,Father truth story evidence break number million while.,5,679,2,2021-03-03
jrich,Mario Hancock,"CARRILLO, MORALES AND CARTER",Berlin,timothyfisher@example.com,false,Call pretty office record.,49,442,92,2024-05-02
richardkim,Nancy Miller,DEAN-MITCHELL,Berlin,nmorrison@example.com,true,Join house show mission bad question.,31,374,2,2024-08-10
greg21,Jane Mcguire,RAMIREZ-MITCHELL,Berlin,jessica93@example.org,false,Number though key sit road Democrat.,44,558,90,2020-12-06
sheilawatson,Edwin Kelly,"LONG, WALKER AND RUIZ",Berlin,melaniesampson@example.org,true,None play practice section.,35,640,46,2023-05-24
kevinthompson,Samantha Robinson,"GUERRERO, HERNANDEZ AND WATSON",Berlin,greenmichael@example.net,false,Authority computer oil pick project simple simple fund.,39,703,66,2023-07-06
twalker,Melinda Butler,STEWART-FISCHER,Berlin,parkerjason@example.com,false,Peace issue his fund education build over.,30,871,94,2022-07-17
lauraingram,Shane Andrews MD,"HERNANDEZ, MEJIA AND ROBINSON",Berlin,blackjohn@example.net,false,Live case throughout who involve performance.,22,837,76,2020-03-18
shannon28,Michelle Bell,RICH-HOWARD,Berlin,patriciasmith@example.net,false,Ahead change customer argue indicate.,30,876,70,2022-09-18
michellepatterson,Ariel Jensen DDS,"KLEIN, WOODARD AND COOPER",Berlin,juan22@example.net,false,Miss season couple maintain.,19,921,15,2022-06-07
flewis,Jeremy Sanchez,ALLEN LLC,Berlin,xjones@example.org,true,Buy church without central machine free.,43,541,45,2024-03-08
davidbell,Manuel Shelton,CHANG-JONES,Berlin,robertsonrhonda@example.com,false,Sit summer ask huge skin finish specific.,32,423,71,2021-02-18
oliviatrevino,Diane Torres,SULLIVAN-RUIZ,Berlin,darren76@example.org,true,Final although where painting realize.,25,475,41,2021-07-05
adrianbrown,Richard Hawkins,PUGH-RODRIGUEZ,Berlin,belljohn@example.org,false,Add them rock crime mission performance seek.,6,760,91,2023-12-09
nicholassimmons,Sarah Ramirez,"HOLLAND, EVANS AND HODGES",Berlin,jonmitchell@example.net,true,Conference according crime relationship energy relate.,5,339,92,2020-08-18
davidmartinez,Charles Holmes,MORALES-MORROW,Berlin,shaun37@example.com,true,Art cold myself share shoulder.,27,593,68,2021-12-23
kerrfernando,Cynthia Day,"CLARK, PATTERSON AND NICHOLS",Berlin,williamsrobert@example.net,true,Force into crime real quickly.,37,387,44,2021-02-23
andrew40,Harold Hoffman,LEWIS-ARMSTRONG,Berlin,grahamscott@example.com,true,Why second fund capital level particularly become since.,24,474,46,2024-04-02
josephholland,Holly Trevino,"CRUZ, GRAY AND BROWN",Berlin,hollyjones@example.org,false,Simply cell break maybe anything cup economic.,22,531,33,2022-10-22
alyssacollins,Anthony Grant,COLLINS-TAYLOR,Berlin,ramoskenneth@example.org,true,Lose major Mr stand enter necessary.,19,249,83,2022-06-28
taylorfields,Matthew Dougherty,JOHNSON INC,Berlin,nelsonscott@example.org,false,Edge effect sense cut fund girl forward condition.,20,823,32,2023-04-24
steven06,John Lopez,"JAMES, DOUGLAS AND SULLIVAN",Berlin,yvonnewood@example.com,true,Study edge down fly hour give head.,46,509,23,2020-04-26
klynch,Joshua Obrien,"SMITH, SNYDER AND BAILEY",Berlin,sarahcraig@example.org,false,Skin soldier scene forget learn doctor woman arm.,6,928,85,2021-09-15
pdavis,James Ingram,MARTINEZ-GARNER,Berlin,franklinashley@example.org,false,Nearly find maintain official measure positive.,19,991,35,2021-03-17
jenningsmichael,Larry Olson,CARROLL INC,Berlin,whitemichael@example.net,true,Challenge wish reflect their still.,19,529,94,2021-02-25
egarrett,Mrs. Diane Garcia,BENNETT AND SONS,Berlin,hernandezcarl@example.com,false,Culture letter under yeah piece land wish side.,31,472,77,2024-09-01
daniel57,Shawn Elliott,"WEISS, THOMPSON AND THOMAS",Berlin,nelsonjoseph@example.org,false,Sister itself itself herself child.,30,423,77,2023-07-23
brittanywalker,Joseph Lewis,PRICE GROUP,Berlin,mlove@example.org,true,Yet discover white.,35,594,48,2024-03-12
garzaashley,Andrew Lopez,HUANG-CAMPBELL,Berlin,paula87@example.com,false,Chair blue citizen control bit enough should.,22,837,29,2020-08-08
gromero,Victor Davis,CURTIS PLC,Berlin,amckee@example.org,false,Activity thank high public someone.,39,250,31,2022-09-17
juliegibson,Barbara Stewart,HARRIS-FOX,Berlin,gburton@example.net,true,Down whole thank material own drive body.,13,355,59,2023-08-29
john23,Andrew Hartman,MCGRATH-ADAMS,Berlin,shelby66@example.org,false,Visit method result describe bill believe air exist.,8,775,56,2022-11-30
oorozco,Lisa Smith,COOPER-SALAZAR,Berlin,maryturner@example.com,true,Ground speech although.,8,807,81,2022-05-26
dlindsey,Michelle Dunn,RODRIGUEZ-CHAVEZ,Berlin,vkelly@example.com,false,Lawyer player of during people late.,31,761,2,2020-01-04
rasmussentony,Brittney Avila,SANCHEZ-PETERS,Berlin,austin21@example.org,false,Thing strong west keep parent hotel its.,44,217,98,2024-10-10
kevinmiller,Anthony Morgan,HUFF GROUP,Berlin,ylopez@example.net,true,Source more couple exactly.,6,712,97,2020-11-22
laura82,Carol Ward,BLAIR LTD,Berlin,hernandezgeorge@example.net,true,Region Congress newspaper much cultural.,47,642,96,2021-05-14
michaelmurphy,Timothy French,"WONG, SANDERS AND CLARK",Berlin,cheryl47@example.net,false,Color store front change research hair TV.,6,508,18,2021-01-07
mparrish,Kenneth Wilson,VINCENT-ARNOLD,Berlin,ritaklein@example.net,false,Speech field street suddenly.,36,882,83,2022-03-24
michael31,Sherry Jones,SMITH-MCCALL,Berlin,markgordon@example.net,true,Cup yet tell.,49,997,54,2020-05-22
barkerroger,Daniel Reeves,GARCIA AND SONS,Berlin,ylewis@example.org,false,Begin less tell their.,29,526,63,2024-04-27
sue76,James Howell,ALEXANDER-JIMENEZ,Berlin,mfoster@example.net,false,While base city million.,7,276,54,2022-10-21
jessica32,Jessica Burgess,HERNANDEZ PLC,Berlin,xwilson@example.com,true,Believe want lead draw idea.,37,601,62,2022-03-19
kaylarice,Kimberly Juarez,"BROWN, THOMAS AND TORRES",Berlin,curtiskelsey@example.com,false,Off score himself employee trip.,10,311,13,2020-06-08
donaldwilcox,Lori Luna,GREGORY-STONE,Berlin,robert75@example.org,false,Person since television message poor.,49,201,80,2021-01-27
troygarcia,Isabel Valenzuela,COLLINS-BAXTER,Berlin,gryan@example.com,true,Professional might whether manage employee oil.,45,400,35,2021-08-15
adamsmichael,Rachel Douglas,GREEN-BUCKLEY,Berlin,michael28@example.com,true,Some try news member job right.,43,242,88,2023-07-11
ehill,Jordan Berger,WALKER INC,Berlin,foleyjamie@example.org,false,Machine try team.,10,672,27,2020-11-02
drakejohn,Laura Morgan,ROBERTS-SMITH,Berlin,annesutton@example.net,true,Financial local policy shoulder case why discussion.,23,819,76,2021-11-11
brandon61,Andrew Villegas,"JAMES, TUCKER AND CUMMINGS",Berlin,xbryant@example.com,false,Matter thought dark.,20,260,99,2022-04-05
ashleysmall,Dr. Jessica Craig,SERRANO PLC,Berlin,keithmiller@example.com,false,Always shake include.,21,454,35,2022-08-08
sherrytorres,Jill Day,"SHAW, CARDENAS AND CARLSON",Berlin,lmassey@example.com,true,West themselves maintain enjoy.,4,561,6,2023-12-30
jamesdaniels,Erica Strickland,WEBB AND SONS,Berlin,julie66@example.org,false,Fear meet buy stage time.,20,723,95,2020-06-09
rossmichael,Laura Franco,MAY LTD,Berlin,herreraedward@example.com,true,Against visit son industry war.,7,408,38,2022-06-16
coxrobin,Jonathan Becker,HERRERA LTD,Berlin,zhernandez@example.com,false,Shoulder drive down child.,1,471,85,2020-02-25
theresahood,Ricky Campbell,"WILSON, MARSH AND HANSEN",Berlin,craig46@example.net,false,Hundred ok doctor interesting camera.,16,373,85,2022-02-17
dawsontracie,Jenna Miller,CUMMINGS-RAMIREZ,Berlin,elarsen@example.com,false,Include everything test north.,38,404,67,2021-09-19
ashley57,Ronald Cole,"MARTINEZ, DOYLE AND DIXON",Berlin,phillip06@example.com,true,Interesting with instead parent which law.,3,248,90,2020-02-27
elowe,Brandy Jones,"JACKSON, JACKSON AND LEWIS",Berlin,ericrodriguez@example.net,false,Reflect these response pressure artist interview.,36,616,91,2023-11-15
brandi98,Sheila Diaz,JENSEN INC,Berlin,jennifer33@example.net,true,Federal group ok present add.,34,775,80,2020-09-12
rebeccasteele,Danielle Sosa,"PITTMAN, BOONE AND BROWN",Berlin,martinclark@example.com,true,House social rich necessary leave.,48,663,66,2020-07-20
garrett78,Paul Buckley,CARLSON GROUP,Berlin,eugenesimmons@example.org,true,East buy heavy force break bar.,49,645,56,2023-01-17
hintonjoseph,Brendan Nelson,"ROWE, GOMEZ AND VARGAS",Berlin,masseyzachary@example.net,false,Avoid green discussion them television heavy.,7,949,95,2024-03-11
sarah15,Michael Chan,WILSON-MOORE,Berlin,patrick19@example.com,true,Probably tell baby again million force.,39,281,49,2022-08-26
margarethunter,Rodney Cooper,NGUYEN-MILLER,Berlin,silvaalejandro@example.com,false,Phone we him herself every trouble.,17,708,92,2020-05-11
jonesdenise,Janice Hart,"MILLER, STONE AND CLARK",Berlin,hblanchard@example.net,false,Then big challenge.,40,835,82,2020-09-09
cherylrivera,Maurice Alvarez,"LEE, ROGERS AND SMITH",Berlin,ambercrawford@example.org,true,Design political big seat institution budget.,7,624,79,2020-06-25
timothy18,Cynthia Griffin,"WELCH, THOMAS AND JOHNSON",Berlin,jordan94@example.net,false,Commercial care son state reason.,38,239,85,2023-08-29
jennifer78,William White,"GARDNER, SCHMIDT AND ORTIZ",Berlin,jennifer34@example.net,false,Factor federal detail simply clear.,6,394,18,2024-04-06
valerie73,Sandra Davis,"GRAHAM, KING AND VAUGHN",Berlin,nicolegaines@example.org,true,Senior information baby.,2,969,28,2022-10-07
jesse84,John Williams,MYERS LLC,Berlin,williamsjennifer@example.net,true,Suffer hit himself start there.,30,738,76,2023-01-05
kylefowler,Angel Nguyen,"MCFARLAND, PRATT AND LYNCH",Berlin,greendonald@example.org,true,Fill range type lay interview word manage.,8,549,2,2021-07-22
alison17,Renee Alvarado,CASTRO-KING,Berlin,rodriguezjames@example.net,false,Often next drug require later.,8,848,19,2020-12-05
adamskim,Sydney Mclaughlin,LEE-HERNANDEZ,Berlin,rodrigueztamara@example.com,true,Gas tax today history easy.,13,790,73,2020-04-03
umcneil,Victor Wood,"PEREZ, SAUNDERS AND CLARK",Berlin,ajackson@example.net,false,Example different cup require every.,15,906,22,2020-05-17
rellis,Joseph Bell,POOLE GROUP,Berlin,caseyandrea@example.net,false,Protect wonder difference decide drop.,7,783,95,2024-02-22
lpayne,Dr. Brenda Bailey,"SMITH, FOX AND PATTERSON",Berlin,seanduran@example.com,false,Hand about mean campaign support local.,34,531,16,2020-04-10
bryan97,Jonathan Woods,BARKER LTD,Berlin,william68@example.com,true,Section describe industry support.,14,891,90,2021-09-16
dbutler,Robert Brown,BROCK-JACKSON,Berlin,jenniferspencer@example.org,true,About industry suggest apply social.,28,647,81,2020-11-25
westmelanie,Zachary Mathis,HUTCHINSON GROUP,Berlin,justinmccoy@example.org,true,More wear company worker of campaign.,15,914,97,2023-01-28
heathercollins,Carlos Short,SANCHEZ-PATTERSON,Berlin,hjones@example.org,true,Police beat skill simple society.,37,833,43,2020-12-19
morgan48,Alyssa Harrison,WILSON-FOX,Berlin,sgarcia@example.com,true,Thought much material something leg fly impact nation.,18,291,85,2024-03-06
ronald56,Lisa Woods MD,BLAIR-CAREY,Berlin,littlelauren@example.com,true,Interview computer his still.,36,570,76,2022-03-20
amy48,Ricardo Reyes,"HAWKINS, ORTIZ AND BRYANT",Berlin,zspencer@example.net,false,Have red source enjoy consider pattern guy yes.,16,695,12,2021-02-16
esimpson,Kevin Evans,JENKINS-STEIN,Berlin,jason94@example.net,true,Send east mouth.,5,711,62,2021-09-01
chasemichael,Jeffrey Fuller,OCONNOR-HOWE,Berlin,marshallgregory@example.com,false,Me prevent war meet.,44,718,8,2022-06-13
zpena,Kristine Smith,"HARRIS, DAVIS AND MARQUEZ",Berlin,lamberttracy@example.com,false,Push amount seven ten increase financial Mrs project.,8,284,95,2023-03-22
roseevelyn,Rachel Melton,"JACKSON, LOPEZ AND GONZALEZ",Berlin,melissasmith@example.net,false,Send many low heavy rest production home.,25,489,78,2020-07-31
washingtonpamela,Elizabeth Smith,SPARKS INC,Berlin,cassandra20@example.net,true,Opportunity movement girl herself.,11,746,54,2020-09-27
munozderek,Valerie Mccullough,MILLER GROUP,Berlin,vkim@example.com,false,Into standard might section able west miss garden.,15,216,83,2020-12-09
johnathan35,Michael Lane,MILLER-GRIFFITH,Berlin,amymartin@example.net,true,So attention vote dinner foot.,25,617,24,2024-09-26
kimberly88,Angela Smith,"FITZGERALD, WALKER AND PRUITT",Berlin,corozco@example.net,false,Say environmental citizen available three appear.,41,822,3,2022-02-21
andrewhernandez,Joshua Medina,HERNANDEZ LTD,Berlin,mgarcia@example.org,false,Detail beautiful air everybody bank ever.,10,557,48,2024-07-03
patriciadavid,Debra Ramos,JONES INC,Berlin,yheath@example.net,true,New medical perhaps mind child only.,47,780,46,2022-04-13
miguelwest,Wendy Watson,JOHNSON-BOYD,Berlin,xrogers@example.org,false,Official father perhaps.,4,542,3,2021-01-26
palexander,Michael Miller,"BARNES, CARR AND RHODES",Berlin,dhardy@example.com,false,Too at off moment night.,37,893,67,2024-04-21
orandolph,Thomas Hanson,YODER-THOMAS,Berlin,pachecomichelle@example.com,true,Although news must project return fear read.,34,672,10,2022-04-25
michael35,Victoria Norton,"ANDERSON, WEST AND NIELSEN",Berlin,apowell@example.org,true,Hair discover hundred ten defense.,36,682,86,2022-08-23
xvalencia,Russell Cox,"YOUNG, MURPHY AND CRAIG",Berlin,millerrebecca@example.com,false,Feel despite heart skill resource.,10,779,14,2021-01-29
crawfordshannon,Joshua Frank,BENNETT-BOWMAN,Berlin,kayla60@example.net,false,Nation stock threat center.,50,397,74,2021-07-20
ashley94,Dr. Jessica Williams,GRAHAM PLC,Berlin,kristamartinez@example.net,true,Other scene term edge only subject.,6,526,78,2021-04-12
fdaniels,Kimberly Kennedy,JONES-HENRY,Berlin,joneskari@example.com,false,Glass physical wish choice.,20,946,40,2024-02-27
terrencejohnson,Andrew Ramirez,"BUTLER, KLEIN AND DOUGHERTY",Berlin,stephaniebeard@example.org,true,Pm material brother key.,33,621,86,2022-05-29
laurashepard,Jennifer Jackson,COHEN LLC,Berlin,kristaharris@example.org,true,Become tax song lot should writer community.,16,290,48,2023-01-30
qpalmer,Kenneth Johnson,"MOORE, ACEVEDO AND COOK",Berlin,stanleyjohnny@example.com,true,Class relate go grow late should administration.,34,763,86,2022-09-03
garciajason,Peggy Garcia,SMITH-GONZALES,Berlin,mortiz@example.net,true,Hair must question those soldier.,30,645,61,2021-09-05
agomez,Shawn Stewart,"GRAY, ROBERTSON AND JOHNSON",Berlin,lopezgabrielle@example.net,true,Help nothing enter key.,10,311,34,2023-07-23
adamsshane,Timothy Lowery,HICKS AND SONS,Berlin,wilsonjohn@example.com,false,Bed nor upon professional.,7,464,10,2023-04-16
carolyn29,Abigail Sanchez,"COOPER, HAYNES AND MCKENZIE",Berlin,burkewilliam@example.net,true,Recognize allow over fall though direction.,1,331,55,2020-10-10
jorge19,Belinda Garcia,HANSON-OWENS,Berlin,robinsonheather@example.net,true,True century blood charge do husband from seem.,15,669,53,2024-01-15
rodney62,Tyler Williams,MATTHEWS-GONZALEZ,Berlin,phillipsmelissa@example.com,false,Before since material toward note.,3,627,97,2020-11-11
volsen,Melissa Mueller,WEBB-THOMPSON,Berlin,randyfrancis@example.net,true,Really economic join difference thing.,6,709,62,2022-05-20
llee,Patrick Martin,BERRY INC,Berlin,lowerybriana@example.org,true,Fact structure prevent.,19,261,64,2020-11-05
zclayton,Susan Hester,KIM-RUSSELL,Berlin,nathan16@example.com,true,What increase thank common.,49,257,66,2024-05-12
erica53,Christine Kerr,LAWSON-SIMON,Berlin,vfuller@example.org,false,Some very compare include painting or.,25,372,36,2023-11-25
daviscynthia,Douglas Roberts,SMALL LLC,Berlin,roy86@example.net,false,Down over red.,47,991,55,2024-06-06
znguyen,Sierra Dixon,WALLACE LLC,Berlin,lbell@example.com,false,Attack tree responsibility and sport both condition.,32,800,15,2023-03-06
llong,Samantha Evans,MANNING-ALLEN,Berlin,alanjohnson@example.net,true,Air wish serve best want bank budget.,5,434,9,2022-09-12
brian90,Joshua Morton,PORTER-NELSON,Berlin,samantha86@example.org,true,Project finally likely.,50,309,34,2020-12-09
imitchell,Charlene Bryant,BYRD GROUP,Berlin,erosales@example.net,true,Often mention necessary much require.,46,286,49,2022-07-15
qharris,Melissa Smith,"WATKINS, SMITH AND SCOTT",Berlin,gonzalezcharles@example.net,false,Happen study along what war.,45,222,18,2024-02-15
davidwarren,Brandi Berry,CONNER AND SONS,Berlin,traci14@example.org,false,When likely oil authority level.,19,265,57,2022-02-28
michaelgutierrez,Angela Navarro,ANDERSON-WELLS,Berlin,gtaylor@example.org,false,Receive deep consider term.,20,271,97,2023-07-17
amberwallace,Tina Anderson,"KNIGHT, VEGA AND HERNANDEZ",Berlin,joseph02@example.net,true,Bed he into fall.,39,213,4,2022-02-15
lisawilson,Amanda Johnson,"SMITH, WELCH AND BROOKS",Berlin,hfarmer@example.com,false,Half never job democratic price nearly.,22,686,35,2023-07-07
adambrock,Mary Davis,HERNANDEZ GROUP,Berlin,meagansantana@example.net,false,Money sort culture appear model.,35,523,19,2020-06-09
pmcconnell,Jacob Berg,"GOMEZ, ANDERSON AND JOHNSON",Berlin,marshallricky@example.org,false,What record long exist very kid.,44,810,1,2022-02-20
bhudson,Nicole Heath,"RUSSELL, BREWER AND HALL",Berlin,tsilva@example.org,true,Production car social black herself.,39,811,33,2020-04-03
sandra66,Jeffrey Davis,MARTINEZ-BERG,Berlin,joannkaiser@example.net,true,Memory home expert if center machine.,13,934,22,2023-09-06
okim,William Peterson,LOPEZ LTD,Berlin,seanvaughan@example.org,true,Part maintain machine who either.,15,333,27,2021-12-07
ymarsh,Jack Jefferson,KING GROUP,Berlin,joan65@example.org,false,Prevent early way image north toward dark.,48,809,30,2021-06-23
wwagner,Nancy Nguyen,MEDINA-HARRISON,Berlin,zward@example.org,false,Have condition spring bring hospital.,44,668,8,2022-08-30
josephhuang,Christine Mcdonald,"EVANS, MALDONADO AND BLACKBURN",Berlin,michael25@example.org,true,Community game particularly.,50,268,37,2024-07-13
loretta47,Lindsey Lopez,"LYONS, WADE AND MULLINS",Berlin,justinmurray@example.net,true,Kitchen admit say ask after something ahead.,44,296,46,2020-07-10
nwright,Lauren Owens,"KLEIN, CALLAHAN AND CAMPBELL",Berlin,qnewton@example.org,false,Direction main air area common build still consumer.,27,707,6,2020-12-11
joshua46,Nicole Harris,"WALTERS, DAVIDSON AND ROBERTS",Berlin,krodriguez@example.com,false,Participant huge determine natural value song.,26,959,62,2023-03-10
jonescarlos,Dana Perez,"NELSON, PARK AND HAYNES",Berlin,ywood@example.com,true,Trial poor personal use hope suggest I.,23,259,98,2024-09-06
dkoch,Christopher Brown,HOWARD LTD,Berlin,danielgray@example.com,true,Side store at certain right.,19,344,17,2022-01-27
xpreston,Howard Lynch,"POTTER, JONES AND MANNING",Berlin,murraycollin@example.com,false,None result until right positive.,5,553,40,2022-05-28
sarah87,Michael Mcgee,JOHNSON-PORTER,Berlin,powerschristopher@example.com,false,Paper other visit.,47,768,25,2023-03-07
judithmartinez,Devin Munoz,ROSE-WALL,Berlin,sanderssamantha@example.org,true,My wind actually tell win coach.,38,215,57,2023-05-03
josephbarrett,Jennifer Tucker,RIGGS-MCNEIL,Berlin,nicholas44@example.com,true,Enter person standard.,21,491,37,2020-11-03
chrisking,Gregory Davis,HERRERA-BERNARD,Berlin,nortoncheryl@example.com,true,Sound response performance every put.,45,859,84,2022-08-21
carterstephanie,Ann Oconnor,CHEN-ANDRADE,Berlin,masseyraymond@example.org,true,Whose true toward although live answer long.,47,979,90,2020-10-16
kelly43,Carla Brooks,KIRK GROUP,Berlin,wjohnson@example.net,true,Everyone road hot ten address.,29,701,59,2023-10-02
robertvaughn,Deanna Hunter,MCBRIDE LTD,Berlin,adamjordan@example.net,false,Strategy state as hold popular.,41,750,69,2024-06-18
elizabeth05,Norma Wood,LOPEZ GROUP,Berlin,maryboone@example.com,false,Field commercial let wait.,7,878,36,2021-04-14
jeremy81,Mrs. Susan Haley,"WILLIAMS, SANTIAGO AND JAMES",Berlin,kevin12@example.net,false,Seek environment heart policy bill either budget.,47,389,64,2024-08-07
catherinefrench,Zachary Sanchez,HALL GROUP,Berlin,katrina28@example.net,true,Market against worry great lawyer easy else all.,25,826,1,2022-03-10
dianaanderson,Alexandra Davis,ALLEN INC,Berlin,jamesjackson@example.org,true,Detail doctor about exist.,3,987,55,2023-08-29
robert00,Diana Nelson,PENA-OROZCO,Berlin,brian82@example.org,false,Could paper reduce thing western range.,39,437,3,2023-09-17
robert46,Lisa Dixon,AUSTIN-SULLIVAN,Berlin,westlaura@example.net,true,Son feel would indicate none.,35,806,16,2024-03-26
brooke14,Alison Kaufman,KLEIN-GONZALEZ,Berlin,jessica52@example.org,true,Receive whatever learn.,26,607,56,2021-09-06
stephensjohn,Nancy Mclaughlin,BAILEY LLC,Berlin,hpalmer@example.com,true,Where fact learn.,24,276,6,2023-05-31
stephanieanderson,Monica Simmons,"GRIFFIN, NGUYEN AND PAUL",Berlin,ufields@example.com,false,Cover now that.,29,591,59,2020-09-28
jefferywilliams,Marc Scott,LEWIS INC,Berlin,duranrachael@example.net,true,Physical act after natural sound order.,39,801,67,2022-09-08
david88,Robert Black,MOORE AND SONS,Berlin,trivera@example.net,false,Government significant tough quickly difficult pretty.,26,622,83,2020-01-16
mary06,Kristen Collins,ELLIS-WOLF,Berlin,heathermolina@example.org,true,Keep building peace call.,41,328,12,2022-08-16
tiffany14,Christopher Bright,"ROBERTSON, ALLEN AND BANKS",Berlin,znorman@example.net,true,Concern ability deal piece behavior test table.,11,550,72,2022-05-01
brendan40,Carolyn Gomez,OWENS LLC,Berlin,derrick00@example.net,false,Civil great environmental because stage give television realize.,9,523,25,2024-02-04
ksullivan,Daniel Patterson,ORR-TAYLOR,Berlin,bbrennan@example.com,false,Property play current window night consider ask pass.,45,888,14,2021-09-25
veronicaterrell,Karen Garcia,HARRISON-STEPHENSON,Berlin,xandrade@example.net,false,Near end answer play.,28,541,78,2020-01-23
javier31,Shelley Brady,STOKES-GROSS,Berlin,andrew55@example.net,true,Firm white behavior rest buy.,28,742,54,2022-01-18
youngkyle,Ryan Brennan,"BROWN, PHAM AND TAYLOR",Berlin,gnichols@example.com,false,Career raise network.,34,649,100,2022-11-02
denise58,Jimmy Bentley,"SMITH, LARSON AND ROBERTS",Berlin,snydermaurice@example.net,false,Degree all return side real argue perhaps.,1,597,65,2024-10-28
austinwatson,Tammy Johnson,"KELLY, BARTLETT AND DICKSON",Berlin,lambertashley@example.net,true,Visit their officer talk.,4,566,39,2022-04-06
richardsonlisa,Craig Fisher,"GRAY, HEBERT AND WOLFE",Berlin,loganjohnson@example.org,true,Turn top staff now.,31,394,90,2022-08-08
lewisjames,Ruth Dodson,"LEWIS, BROWN AND JOHNSON",Berlin,yberry@example.net,false,Tax course imagine some analysis available.,35,881,62,2023-09-06
garcialori,Seth Bryant MD,GUTIERREZ-PARK,Berlin,kdouglas@example.net,false,West painting item compare.,40,584,27,2023-09-12
gonzalezpaul,Cynthia Robertson,JENKINS-STEVENS,Berlin,douglascrystal@example.net,false,Picture cut debate phone next technology case old.,23,385,79,2022-10-15
todd74,Lauren Kerr,BAKER-RUSSO,Berlin,nancy41@example.org,true,Manager pay none southern way local main party.,42,438,21,2022-02-12
tmorton,Alexandra Foster,MURRAY LTD,Berlin,torresdaniel@example.org,false,Senior to according society where this listen.,42,523,66,2020-04-01
theresaray,Jennifer Barrett,OLIVER-RILEY,Berlin,millerelizabeth@example.net,true,Woman entire table chance recently common student.,42,271,32,2024-06-27
adean,Robert Richardson,"NELSON, SANCHEZ AND MOLINA",Berlin,sanchezteresa@example.org,true,Pay defense school chance.,4,856,80,2023-02-11
parkeramanda,Dennis Hodge,"CASEY, BROWN AND WOLF",Berlin,ian83@example.org,true,Resource lawyer trip another society.,36,517,77,2022-04-16
deanna66,Danielle Gonzalez,REID GROUP,Berlin,bennettshawn@example.org,true,Civil security some city at product couple.,50,603,38,2021-11-27
eileen42,Alexander Morse,GARCIA-CASTILLO,Berlin,lewisdiane@example.net,true,Blue public material image.,15,932,97,2022-10-29
rbird,Benjamin Perez,"HAMILTON, AGUILAR AND CHAVEZ",Berlin,lindsay11@example.com,false,Consumer political citizen energy by simply policy.,48,846,48,2022-06-28
carrielang,Dustin Logan,"CUNNINGHAM, PENNINGTON AND LEE",Berlin,wmerritt@example.org,false,Tonight recently important speech much degree work.,41,255,69,2022-10-14
champton,Katie Jennings,WATSON INC,Berlin,brandon91@example.net,true,Institution those eye unit marriage owner debate physical.,21,918,77,2023-04-06
robinsonrichard,Christopher Delgado,MURPHY AND SONS,Berlin,acostastacey@example.net,false,Modern stage bag behind collection.,6,860,90,2020-09-19
traciejarvis,Wendy Thomas,"GREENE, TODD AND KEY",Berlin,hroach@example.net,true,Attack want interest find fish past.,11,217,81,2022-05-19
kdelgado,Zachary Hunter,"IBARRA, CRANE AND EVANS",Berlin,michaelpacheco@example.net,false,Within song much.,20,210,73,2020-06-02
harveykatherine,Sarah Williams,"VARGAS, MCKENZIE AND SMITH",Berlin,fmayo@example.org,true,There role subject.,43,833,61,2021-06-09
ofischer,April Gross,DANIELS-CROSS,Berlin,jferrell@example.net,true,Serve example lot describe.,12,847,10,2023-10-31
kreyes,Kathryn Hartman,"ESCOBAR, JONES AND WHEELER",Berlin,kristin08@example.net,false,Nation itself free.,31,879,37,2024-05-02
blevinserica,Kelsey Miller,TREVINO-GUTIERREZ,Berlin,tdurham@example.org,false,State since sign often message investment particular.,8,396,36,2021-12-21
andrew49,Evan Paul,CARROLL-JOHNSON,Berlin,sharon14@example.org,true,Scientist then find fill.,42,859,8,2023-09-09
mlawrence,Chad Hancock,"WILLIAMS, GREEN AND WALSH",Berlin,sarah95@example.com,false,Particularly later than government money statement.,43,595,35,2021-05-14
ejohnson,Kimberly Day MD,ACOSTA GROUP,Berlin,pollardashley@example.org,true,Information provide yet tough something agree son same.,31,211,36,2024-01-23
wdunn,Kelly Fuller,"JOHNSON, GUERRERO AND RILEY",Berlin,brianromero@example.org,false,Near least meeting Mrs special.,17,523,18,2020-04-06
bpena,Teresa Lawrence,HOGAN AND SONS,Berlin,ecameron@example.org,true,Cause analysis view soldier.,21,409,5,2020-07-03
samantha64,Jeffrey Gomez,SHAW PLC,Berlin,tgould@example.net,false,Ground over point hotel.,20,863,89,2024-09-19
travisdunn,Timothy Osborn,BROWN LTD,Berlin,lindaserrano@example.org,true,Discussion point say degree.,4,344,1,2020-01-06
rchapman,Kimberly Thompson,GOMEZ-LARSON,Berlin,jcortez@example.com,false,Station how set style cultural yourself discover.,10,501,37,2020-02-28
jonescourtney,Steven Baldwin,"ESPINOZA, GONZALEZ AND SMITH",Berlin,barnesdonna@example.net,true,Forget performance against positive official.,32,284,41,2024-05-20
stevensonmichael,Steven Salas MD,"VALDEZ, ROBERTS AND SMITH",Berlin,wfields@example.com,false,Soon meeting value.,13,513,61,2022-01-19
nicholsashley,Kenneth Jones,MARTIN AND SONS,Berlin,bstone@example.net,false,Really avoid spend at.,14,464,17,2023-08-02
jjones,Margaret Hays,MELENDEZ AND SONS,Berlin,joseph08@example.com,true,Moment hand several suddenly appear student mention.,33,640,36,2020-06-03
matthewmelendez,Elizabeth Martinez,MYERS AND SONS,Berlin,jacobgonzalez@example.org,true,Year treatment memory wife it.,11,681,100,2020-05-23
jamesneal,Michael Arnold,DAWSON-WEBER,Berlin,flong@example.net,true,Point low wonder case.,9,591,34,2022-04-24
joseph32,Ryan Arias,BROWN INC,Berlin,debrashaw@example.com,false,Site lawyer manager everything pass product rest citizen.,17,755,32,2022-10-26
scottnixon,Melissa Crawford,COLE AND SONS,Berlin,michelle14@example.com,true,Include mission exist garden rise choose.,50,393,85,2020-11-30
derek42,Teresa Mendoza,"GOMEZ, NEWTON AND WILSON",Berlin,barbara80@example.net,true,Edge subject game inside or.,42,479,50,2020-05-30
samuelallen,Michelle Keith,GREEN-REYES,Berlin,hmiles@example.net,true,Sit discussion join cause happen.,33,889,10,2022-05-20
vhayes,Margaret Phillips,GARZA-WELCH,Berlin,michael25@example.net,true,Letter expert ball price.,4,342,79,2024-02-23
rosariosara,Rebecca Davenport,ROBINSON-SMITH,Berlin,george60@example.net,true,Speak positive describe lawyer meeting feeling what.,25,624,98,2023-05-13
michaelgaines,Jeffrey Richardson,"CROSBY, LARA AND SPEARS",Berlin,blewis@example.net,true,Although exist skin myself.,19,247,43,2023-07-21
qlee,Robert Bridges,LYNCH LTD,Berlin,elewis@example.net,true,Pattern near son challenge wife third mother.,35,734,52,2023-08-21
heatherkeith,Valerie Becker,MOONEY PLC,Berlin,juliatanner@example.net,false,Serious name election forward ever.,20,379,64,2023-11-26
yrobinson,Christina Roy,ANDERSON-SCHULTZ,Berlin,justinmartin@example.org,false,Senior left firm certain quickly return a.,31,304,43,2024-06-28
julie15,Juan Clark Jr.,NELSON INC,Berlin,ndavis@example.com,true,Matter get radio sound network successful.,9,299,78,2021-12-24
vwade,Jacqueline Munoz,"CLARKE, RANGEL AND LONG",Berlin,leejade@example.com,true,Enter good north floor thought.,23,785,39,2023-10-17
andrea32,John Lewis,KING-DALTON,Berlin,moorerebecca@example.org,true,Success dream sign join either.,25,580,29,2021-11-26
xclements,Robin Jacobs,JOYCE-KENT,Berlin,qgibbs@example.org,false,Force fact economy there inside play act.,17,829,3,2020-10-19
christopherrich,Donna Mclaughlin,WARD-JOHNSON,Berlin,awashington@example.net,true,Me level turn.,13,722,29,2024-07-03
ymann,Andrew Rogers,JACKSON GROUP,Berlin,jenniferpadilla@example.com,true,Always military least report guess peace.,44,586,11,2024-08-07
kbautista,Ruben Stephens,"TAPIA, SANTOS AND GENTRY",Berlin,clementsjesus@example.com,true,Become international response movie buy.,17,896,99,2020-11-19
hendersonandrea,Matthew Davenport,TRAN PLC,Berlin,harristheresa@example.com,true,Threat wish nearly per result.,11,369,95,2021-02-16
kimberly29,Kimberly Hudson,MILLER-LOWE,Berlin,lmckay@example.net,true,Democrat nice early good win modern.,4,522,60,2021-07-13
markhall,Dr. Samantha Welch,"ARELLANO, COLON AND CLEMENTS",Berlin,megan13@example.net,false,Human benefit gas performance.,35,302,17,2023-07-23
jonesvirginia,Shaun Jones,DAVIS LLC,Berlin,harveykevin@example.net,true,Message movement read several sport receive stay.,3,218,4,2020-02-23
smithbrad,Amanda Strong,CARLSON LLC,Berlin,gregorybriggs@example.org,false,Past class catch pick tonight.,42,874,51,2021-04-30
bakerdavid,Olivia Anthony,MORRISON AND SONS,Berlin,mosesmarilyn@example.com,true,Shoulder expect glass.,26,448,14,2022-07-30
robinsonchristopher,Deborah Powell,YOUNG-SAVAGE,Berlin,ngriffin@example.org,true,However station relationship likely open.,18,848,47,2022-02-02
kimberly25,Javier Whitaker,"COX, SMITH AND BALDWIN",Berlin,john46@example.net,false,Artist nice open democratic race.,30,279,9,2022-05-09
thomasgonzales,Christopher Carlson,HENSLEY-STONE,Berlin,alvaradomary@example.org,true,Interest fear serious black least.,16,300,17,2023-05-21
michael74,Nicholas Russell,"YANG, ANDERSON AND VALENCIA",Berlin,davidbaker@example.com,false,Door sea research decide later travel minute.,44,661,50,2021-09-24
richardsoncharles,Emily Tyler,ROSALES LLC,Berlin,stephensmichael@example.org,true,Write per exist Democrat light region turn.,48,413,63,2021-01-02
patrick84,George Barnes,HUNTER AND SONS,Berlin,cheryl11@example.net,false,Hear rock figure early.,34,639,70,2021-09-28
qsanchez,Kevin Garrett,WILKINSON-MOSS,Berlin,chad04@example.org,true,Better family dinner time keep require lose.,27,691,70,2020-01-31
nguyenkaren,Sara Jones,JOHNSTON-ELLISON,Berlin,jason36@example.org,true,Long human late remember fill capital indicate nothing.,47,428,31,2024-04-04
zhangamy,Joseph Smith,STUART INC,Berlin,kimberly91@example.com,false,Life charge night every require eight expert.,30,807,80,2021-05-04
murrayeric,Patrick Briggs,BECK AND SONS,Berlin,bethcollins@example.org,false,Religious red young new hot scene dark.,2,763,96,2023-09-22
robertsondeborah,Tanya Johnson,WILLIAMS-SCHAEFER,Berlin,birdmaria@example.net,true,Continue first shoulder.,6,681,66,2022-02-21
ahouse,Joseph Sparks,"ROBINSON, LAWSON AND BARBER",Berlin,jordanmichael@example.com,false,Break production person conference thing.,18,623,89,2022-07-10
cheryl11,William Norton,WILLIAMSON-CONTRERAS,Berlin,michael12@example.net,true,Machine another beyond politics.,48,651,94,2021-01-24
crystal61,Carolyn Tate,SMITH-CARTER,Berlin,angela70@example.org,false,Senior rule left.,39,318,6,2024-08-29
sarah94,Peter Reynolds,"HAMMOND, MCDONALD AND HOPKINS",Berlin,shane92@example.com,false,Fund clearly reflect rule today seat contain.,16,918,7,2023-01-17
robertsrobert,Russell Brown,"NEWTON, JORDAN AND HERNANDEZ",Berlin,batesdenise@example.org,true,Want run law.,39,744,52,2020-01-16
laurie14,Robert Anderson,"BRAY, HARRIS AND CARLSON",Berlin,welchheather@example.com,false,Wall newspaper thus.,48,222,39,2023-01-30
troy06,Diane Evans,ROBERTS-WARE,Berlin,andrewhenry@example.net,true,Huge present where range hand enough husband.,3,894,9,2020-07-15
taylorjessica,Christopher Young,"MARTIN, LYONS AND RUIZ",Berlin,schneiderjames@example.net,false,Likely military son southern national blue.,1,1000,65,2021-11-25
erincamacho,Ashley Romero,ROGERS-DAVIS,Berlin,cbrown@example.org,true,Teach over involve usually yes education radio able.,21,509,91,2021-06-20
michaelataylor,Ryan Osborn DDS,RASMUSSEN LTD,Berlin,epena@example.net,true,Art under discuss official parent newspaper fact.,11,523,96,2021-05-23
david61,Jon Velez,VELAZQUEZ LTD,Berlin,hobrian@example.org,true,Recently coach one its billion.,34,228,71,2023-09-25
poolekimberly,Robert West,COOK GROUP,Berlin,danielle41@example.net,true,Better agency good well worry ground pick little.,36,844,41,2024-01-07
lauren72,Lisa Glenn,"FRENCH, WILLIAMS AND TOWNSEND",Berlin,vdunn@example.org,true,Office center voice foreign finish yourself guess.,27,700,73,2024-10-29
katierobinson,Hannah Evans,BEASLEY-PRICE,Berlin,nmiles@example.net,true,Week focus pick lawyer listen.,23,608,76,2023-12-23
suephillips,Justin Morales,HERRING INC,Berlin,steven51@example.org,true,Likely great region simple.,44,788,11,2024-09-30
gsmith,Glenn Perkins,REYNOLDS GROUP,Berlin,lowealyssa@example.com,true,Top suddenly response impact.,4,696,68,2023-11-21
henryramsey,Kathryn Knox,"SCOTT, STEWART AND SMITH",Berlin,pennyparsons@example.com,true,Gas stand fly Democrat.,20,907,3,2023-12-11
zsawyer,Victor Clayton,MILLER-ROGERS,Berlin,bullockashley@example.com,true,Own talk public traditional five many.,26,358,66,2022-07-29
mcoleman,Micheal Parker,FLOWERS-DAVIS,Berlin,ahouston@example.org,false,We company popular public full history decision.,11,500,18,2023-06-12
kduke,Jeff Thompson,DIAZ INC,Berlin,summer65@example.com,true,Get to from teacher.,27,846,84,2024-02-20
brian92,Roger Woods,BURKE INC,Berlin,justin40@example.net,true,Call goal give environment yes.,19,902,5,2021-11-17
brandyhuang,Alexander Ayala,"ROBERTS, CASTILLO AND WHITE",Berlin,johnsonjames@example.org,false,Let car myself.,43,202,100,2023-02-15
curtis86,Kevin Brennan,ADAMS AND SONS,Berlin,barrerajamie@example.com,false,Both company evidence truth.,13,288,4,2022-05-10
vschneider,Amy Riggs,MOLINA PLC,Berlin,ymalone@example.com,false,Piece dinner find.,2,446,68,2020-02-03
melissarosales,Paula Brown,"WATKINS, BURNETT AND ANDREWS",Berlin,hpratt@example.org,false,Choose follow white race air role anyone.,43,987,99,2021-04-30
angelacaldwell,Patricia Smith,POWELL-LEE,Berlin,bcox@example.org,true,Beyond for clearly make commercial.,25,441,62,2023-10-20
lisajohnson,Shirley Harrison,COOPER-GUZMAN,Berlin,jennifer24@example.com,false,Play start trade just most pattern.,10,657,7,2023-06-12
rogersjohn,Grace Francis,PAYNE AND SONS,Berlin,christopher43@example.net,true,Person especially relationship fight.,43,569,57,2023-01-07
rwright,Raymond Wilson,"DIXON, PETERSON AND JENKINS",Berlin,wilsonjared@example.com,true,North often yeah help.,47,831,100,2022-11-14
timothy00,Jennifer Macias,WOOD INC,Berlin,alejandrobrooks@example.net,false,Over machine every more.,16,437,45,2023-12-16
brennanpatricia,Ronald Anderson,BENNETT PLC,Berlin,hernandezjames@example.org,false,Federal condition camera move yourself serious relate trade.,42,987,39,2021-11-09
rmorales,Margaret Burnett,"WHITE, STEPHENS AND PARKER",Berlin,vanessa06@example.net,true,Cell or economy camera people today those.,35,723,99,2021-01-27
watsoncharles,Christopher Tran,"HOLDEN, RAMIREZ AND WRIGHT",Berlin,sboyle@example.org,false,Word lead others finally such Congress democratic condition.,12,575,11,2022-11-21
thomasthomas,Joshua Johnson,"PEARSON, ABBOTT AND WARD",Berlin,patrickdiaz@example.org,true,Newspaper arm our skill majority.,28,307,8,2021-06-08
pagemichael,Summer Simpson,MASON LLC,Berlin,juanvilla@example.org,true,Least area practice stage accept bad stop.,10,364,22,2020-03-01
jesse23,Jesus Martinez,WARREN-MOYER,Berlin,cbolton@example.net,true,Oil approach move later much sometimes.,23,379,3,2021-04-07
qfowler,Jessica Cameron,MOONEY AND SONS,Berlin,teresaharding@example.org,false,Method without such office.,1,782,74,2021-06-17
knightlinda,Sandra Williams,WRIGHT-MARTINEZ,Berlin,victorgreen@example.org,true,Ground high ground.,24,449,57,2020-07-03
yholland,Steven Chen,"MAYNARD, EVANS AND IRWIN",Berlin,pmartinez@example.com,false,Finish newspaper place camera person customer today hotel.,41,836,49,2020-05-02
alyssa36,Jonathan Riley,"HERNANDEZ, GREEN AND MITCHELL",Berlin,jallen@example.net,true,Economic specific land may.,17,637,66,2020-04-05
oanderson,Leslie Hughes,"COLLINS, PINEDA AND MOORE",Berlin,rosalestroy@example.org,true,Age edge argue ten be else.,21,649,2,2024-08-19
hornsherri,Corey Stein,VELAZQUEZ-SCOTT,Berlin,fchaney@example.com,true,Natural receive like theory total food feeling.,9,870,97,2023-08-29
henrykari,Veronica Rubio,PHILLIPS AND SONS,Berlin,jamie97@example.org,true,Marriage quite why itself beat road step design.,26,792,15,2021-01-25
sweeneyjacob,Linda Hogan,GARCIA-WILSON,Berlin,dnunez@example.net,true,Admit close almost voice.,25,854,28,2022-09-06
jacob31,Mikayla Harris,BROCK-KAISER,Berlin,makaylaramirez@example.com,false,Major look glass item blue.,31,269,13,2021-10-07
nchristian,Todd Carr,TURNER AND SONS,Berlin,francis75@example.com,false,Often forward social great course.,46,632,22,2024-04-01
adamwebb,Linda Carr,JOHNSON-MOORE,Berlin,carrollangela@example.org,false,Choose deep admit own.,14,924,10,2020-12-30
andersonsheryl,Arthur Peterson,"PEREZ, ANTHONY AND ROMERO",Berlin,kathy61@example.com,false,Speak maintain oil state grow miss.,9,313,85,2024-02-29
donaldflores,Thomas Maxwell,ROBINSON LLC,Berlin,kristinperez@example.org,false,Our grow attack energy.,9,594,80,2023-04-18
ericaperkins,Kelsey Garrison,REYES GROUP,Berlin,wstuart@example.org,false,Truth pick serve.,15,932,83,2020-07-05
bowerskevin,Alexander Marshall,LEWIS-MORRIS,Berlin,bensonlisa@example.net,false,Ok skill inside stock inside go sense.,37,698,3,2024-02-14
bob45,Barbara Garcia,ROBLES GROUP,Berlin,lindseykaitlin@example.com,false,Short raise anything born of mother.,2,491,85,2023-07-20
richard92,Robert Ramirez,HUNT INC,Berlin,pacerhonda@example.net,false,Power imagine similar common look section.,27,262,9,2024-05-30
deannamitchell,Janet Padilla,"WALKER, STEIN AND ONEAL",Berlin,williamgeorge@example.com,true,Themselves maintain well according today social add.,38,659,80,2021-10-30
lwebster,David Thomas,VAUGHN-KING,Berlin,kimberly24@example.net,true,Feeling home since throw dark.,2,763,87,2022-06-06
paulsandoval,Angela Lynch,OLSON LLC,Berlin,toddwinters@example.com,false,Man year century store police.,38,664,76,2023-06-01
gbennett,Jessica Snyder,"HARVEY, MOORE AND FISHER",Berlin,williamslisa@example.com,false,Onto party which painting eye line fund.,11,319,84,2020-03-17
ashley00,Jose Graham,CLARKE-WOODS,Berlin,zporter@example.org,false,Agreement night cultural knowledge speak above.,18,229,52,2020-12-06
greed,Tammy Bennett,"JOHNSON, CARTER AND LYONS",Berlin,taguilar@example.org,false,Hotel degree forget try probably authority.,6,628,79,2022-02-20
torresmonica,Eric Walker,LOPEZ-RIOS,Berlin,ihayden@example.org,true,Consumer just already Republican second.,45,378,30,2022-10-15
zachary46,Michelle Cobb,"GOLDEN, BARBER AND CRAWFORD",Berlin,xgordon@example.net,true,Design still wait economic.,20,334,12,2022-03-29
powersjames,Michelle Castillo,BLAKE-PHELPS,Berlin,williamsjoseph@example.org,false,Customer decision economic way choice.,13,522,66,2020-08-29
hmills,Kim Costa,ORTEGA INC,Berlin,parkerphilip@example.com,true,Dream serious manage range choice.,29,452,31,2024-07-09
charleshamilton,Paige Griffith,BRIGGS-ANDREWS,Berlin,brandon04@example.com,true,Clear administration site bring lawyer draw language.,42,552,58,2022-04-23
petersonmarcia,Jeremiah Murphy,BENNETT-FARRELL,Berlin,marynavarro@example.org,true,But situation want then popular marriage success.,37,951,94,2020-11-21
juliewoodard,Seth Nichols,BROOKS-DRAKE,Berlin,xshields@example.org,true,Miss yard authority.,3,224,41,2023-01-11
manuel87,Olivia Simmons,HENDERSON INC,Berlin,danielle79@example.net,false,Student level write hospital not address show.,9,336,95,2020-07-18
pamela77,Beverly Davis,"BRADSHAW, POWELL AND DELGADO",Berlin,philip60@example.org,true,Conference improve should.,26,912,52,2023-01-28
tlambert,Dakota Powers,ROBERTSON-STEWART,Berlin,juan82@example.org,true,Material court we candidate some.,38,224,93,2021-11-28
wadedeborah,Christopher Williams,WALKER-HENDERSON,Berlin,mcochran@example.com,false,Pattern southern level color.,42,872,56,2023-09-12
jeremy82,Maria Richardson,"MILLER, WALKER AND DEAN",Berlin,sandra88@example.net,true,Medical hold garden successful share charge.,38,418,95,2021-05-24
hmccullough,Trevor Mcbride,MARTINEZ LTD,Berlin,icoleman@example.net,false,Environment deep avoid all drop southern anyone.,15,889,83,2023-03-16
baileyluis,Matthew Ramirez,"TAYLOR, AUSTIN AND LIU",Berlin,angelamclean@example.com,false,Start many trade issue give system spring.,1,399,13,2021-05-13
jeffrey70,Kristin Garcia,DAVIS-YANG,Berlin,watsoncrystal@example.com,false,Move consumer avoid wall loss.,34,457,6,2024-08-06
dawn98,Donna Shaffer,RIVERA AND SONS,Berlin,sheilaparrish@example.org,true,Note human I appear.,42,348,79,2021-03-29
nbeck,Susan Brown,MILLS-MOORE,Berlin,ashleymendoza@example.com,false,Budget fast personal treatment especially window return west.,10,903,8,2023-01-05
markprice,Erika Cline,GLOVER AND SONS,Berlin,cwilliams@example.net,true,Set red sing audience.,36,401,91,2020-11-21
amber51,Maureen Castillo,"CLAYTON, YOUNG AND GRIFFITH",Berlin,catherinesnyder@example.org,true,Investment during bar again.,33,309,14,2022-06-24
lori73,Jonathan Nelson,ANDREWS PLC,Berlin,kellydavis@example.com,false,Dinner happy from test I group.,39,309,93,2020-04-19
bryantpaula,Monica Donovan,SAWYER PLC,Berlin,jonesjohn@example.com,true,Eat hospital my skin large.,20,648,32,2022-07-08
daniel36,Aaron Lopez,"WALKER, FLETCHER AND WOODS",Berlin,hjohnson@example.org,true,Yet fall case security listen step.,40,954,51,2023-12-31
elainesullivan,Leonard Jackson,"BURNETT, HUNTER AND DAVIES",Berlin,smallduane@example.com,true,Forward PM sing nature manager.,46,801,62,2022-06-08
david24,Bryan Brown,"SKINNER, PATTON AND LANE",Berlin,paulaparker@example.org,false,Treat although watch performance occur knowledge who.,33,224,26,2020-08-02
jonathan55,James Frazier,HOLMES-CRUZ,Berlin,mooretanya@example.com,false,Great teacher really care talk.,19,966,61,2022-11-28
nathaniel04,Jessica Meyer,HAWKINS PLC,Berlin,christopher80@example.com,false,Type natural simply attorney.,32,674,51,2024-03-07
lanecraig,Robert Walsh,NELSON-VALDEZ,Berlin,nelsonmatthew@example.org,false,Director research officer personal traditional.,21,289,91,2022-02-19
toddjohnson,Cassandra Wheeler,DILLON LTD,Berlin,usmith@example.com,false,Tend camera always family.,2,610,57,2024-10-17
kdaugherty,Madison Brown,MADDOX-STEPHENS,Berlin,francisbarry@example.net,true,Go everybody everybody decision agreement wish north learn.,10,798,2,2021-03-31
shawn04,Gary Robinson,"SANDERS, JONES AND RICE",Berlin,lisa01@example.net,false,Responsibility tax four perhaps question.,33,400,80,2020-05-08
joshuahodges,Christopher Davis,JENSEN LTD,Berlin,laurenbrown@example.org,false,People right give parent ready serve.,45,360,18,2021-12-16
harriszoe,Heather Kline,"GLOVER, MEDINA AND ALLISON",Berlin,rjackson@example.com,true,Firm policy if popular plan buy.,18,813,42,2022-05-05
scottmichael,Barbara Dean,"GORDON, GUZMAN AND DELGADO",Berlin,bryanday@example.com,true,Yes floor move agree still.,10,559,17,2024-05-05
matthew40,Daniel Morrow,"BAKER, BREWER AND MOORE",Berlin,aosborn@example.org,false,Meeting someone lead member.,46,571,84,2021-02-13
rblanchard,Jim Fitzgerald,DAVIS LLC,Berlin,elizabethlawrence@example.net,true,Attack long remain score place left maintain.,37,517,80,2024-07-25
acarr,Danielle Molina,"HARDIN, ZAMORA AND BARTLETT",Berlin,areynolds@example.com,false,Certain create American break organization national measure.,47,218,51,2020-04-06
masonsusan,Theodore Thompson,SMITH-WILSON,Berlin,shaneanderson@example.net,false,Less provide wish until politics.,2,717,81,2023-01-02
ashleygonzalez,Isaac Perez,"ROBINSON, LESTER AND SMITH",Berlin,zallen@example.com,false,Girl low doctor her.,15,288,86,2022-10-16
chandlernicole,Karen Jenkins,CUNNINGHAM LLC,Berlin,wrightchristopher@example.com,false,Something drive three work fine.,15,743,21,2024-07-28
kjones,Andrew Campbell,"HARRIS, DUNCAN AND PEARSON",Berlin,rebecca95@example.net,false,Part sit rich court involve.,4,658,69,2022-12-15
grantmary,Jerry Schwartz,HILL GROUP,Berlin,sierra37@example.com,false,Blue million local tend.,10,351,96,2021-06-02
jeffrey61,Ray Adams,CORTEZ PLC,Berlin,jmccann@example.org,false,Anyone window new suffer a news together.,21,983,43,2022-09-04
andersonantonio,Heather Mcdaniel,MCMILLAN LLC,Berlin,wyatt24@example.org,true,Rock management after month far tend.,14,592,90,2020-07-19
taylorjennifer,Lisa Cooper,"SANFORD, ROMAN AND CRAWFORD",Berlin,hmitchell@example.net,true,Tv notice pressure article message different.,33,446,48,2021-12-26
julie93,Cynthia Pineda,BOYLE-MARTIN,Berlin,robertharrison@example.com,true,Plant condition wife herself.,12,320,26,2022-10-27
ybrandt,Lori Peterson,BROOKS AND SONS,Berlin,smalljoshua@example.net,true,It card story agency raise factor.,37,992,68,2020-08-28
lisa56,Deborah Rhodes,GONZALEZ AND SONS,Berlin,scottmaria@example.com,false,Successful drive without.,50,680,31,2023-04-08
wilsonstephanie,Taylor Jackson,"RYAN, MENDEZ AND ROBERTS",Berlin,jamiemartin@example.org,true,Bag low rather certain five phone.,4,816,59,2021-12-18
nelsonderek,Donald Warren,"WHITE, REYES AND SALAZAR",Berlin,colinbailey@example.net,true,Exactly toward without start realize.,20,293,30,2020-10-26
pricetodd,Nathan Brown,ATKINSON PLC,Berlin,gramirez@example.net,true,Measure over quality way media truth send.,46,538,10,2021-11-26
todd02,Julie Keller,HARRIS AND SONS,Berlin,griffingregory@example.org,false,Stock treatment glass either.,1,738,100,2023-06-02
krystal35,Phyllis Garcia,LIN-ARELLANO,Berlin,colleen04@example.net,true,Believe contain explain sell expect through ask.,26,533,3,2023-03-31
annegilmore,Lisa Baker,"SHARP, MALONE AND ESPINOZA",Berlin,whitesara@example.org,true,Maintain plan star building network.,44,776,17,2024-10-15
cooperjason,Mary Barton,"CARSON, HAMILTON AND GONZALEZ",Berlin,audrey57@example.net,false,City health visit enter of between else.,45,935,68,2024-01-01
ryangamble,Trevor Kelley,MARTIN LTD,Berlin,shortmichelle@example.org,false,Agreement west in peace such painting.,29,991,83,2020-09-18
deanbrianna,Kevin Wilkins,SCHMIDT-WILSON,Berlin,maldonadopeter@example.net,true,Center degree front source local choice professional.,47,460,14,2022-07-16
courtneydavis,Antonio Garrison,"PEARSON, HOLMES AND STEWART",Berlin,mariadouglas@example.org,false,Floor cup guy.,37,700,33,2020-07-02
xjames,Gloria Sanchez MD,NGUYEN-BENNETT,Berlin,christopherkim@example.com,true,Nor car set investment.,7,884,55,2022-04-10
adamschelsea,Kevin Nunez,GROSS-STRONG,Berlin,james43@example.com,true,Mention white management difference.,36,330,40,2022-06-24
brandonkline,Carol Contreras,RODRIGUEZ INC,Berlin,robertthomas@example.org,true,Try article take treatment rock which.,3,957,8,2022-09-16
arianamarshall,William Martinez,ADAMS-PIERCE,Berlin,danielsutton@example.org,false,With health name card least alone.,4,880,22,2022-08-07
andrew31,Amanda Stevenson,"MILLER, BAILEY AND WILLIAMS",Berlin,andrewwilson@example.org,false,Experience style air easy song necessary kid.,38,870,4,2020-03-27
mooremichael,Whitney Young,HARDY LTD,Berlin,barkermary@example.org,true,Dark that suffer door talk.,23,742,99,2021-12-14
hdoyle,Randy Raymond,ADAMS-EATON,Berlin,slewis@example.com,true,Design anything without together two next.,40,997,1,2021-05-05
cheryl00,Kimberly Campbell,TANNER PLC,Berlin,vhenry@example.net,true,Television design deal imagine low executive.,22,240,45,2023-06-16
john34,Jeffrey Newton,SPARKS GROUP,Berlin,nathan17@example.com,false,Process scene hair need unit least.,50,827,19,2020-09-10
amandaperry,Amy Harrison,NELSON LLC,Berlin,wburns@example.com,true,Raise country if general site provide impact.,5,266,16,2021-08-09
christina65,Tony Rodriguez,ORR GROUP,Berlin,pbell@example.org,false,Try admit military whose investment take.,30,857,18,2021-06-28
uromero,Kathleen Singh,"DAVIS, MARTIN AND WILSON",Berlin,barreraalfred@example.com,true,List five door try.,34,933,91,2024-05-18
dwest,Jacob Boyle,"WALKER, SMITH AND WARD",Berlin,ronnieclark@example.com,true,Entire generation rock lot field around.,3,723,19,2023-02-01
ryanerin,Rebecca Riley MD,SMITH LLC,Berlin,ejohns@example.net,true,Worker Mrs customer member guess campaign truth.,13,736,25,2023-01-04
wnorton,Susan Rodriguez,EATON-DODSON,Berlin,diana69@example.com,false,Know school student agent really care instead.,12,388,80,2024-02-05
vdavis,Robert Mann,HENDERSON PLC,Berlin,johnpierce@example.org,true,Together these debate newspaper center similar.,15,963,30,2021-08-05
johnsonluke,Justin Johnson,ROSS-GRANT,Berlin,sfoster@example.com,true,Officer door reason gun thank.,18,434,81,2021-09-18
johnsonmorgan,Michael Potts,MILLER PLC,Berlin,seansmall@example.org,false,Range power million pick assume eat.,47,982,37,2020-10-21
lauren04,William Green,"GREGORY, THOMPSON AND TURNER",Berlin,aguilarsheila@example.org,false,Responsibility goal prepare your administration claim.,11,438,14,2022-04-05
tschmidt,Tammy Garcia,LLOYD LTD,Berlin,fgarza@example.org,true,Investment such walk actually stock alone.,3,654,7,2024-05-16
orobinson,Gina Thomas,"CUNNINGHAM, FISCHER AND PACHECO",Berlin,matthew45@example.org,false,Ready attention half just address get onto.,21,619,53,2021-04-17
millernatalie,Sarah Hernandez,SANDERS-MARQUEZ,Berlin,woodsstephanie@example.com,true,Choice song ground force throw whole like.,25,574,41,2020-06-20
mark58,Casey Li,"LIN, VARGAS AND FOWLER",Berlin,cannondavid@example.org,true,Effort peace although break.,7,665,51,2021-02-14
gregorykennedy,Lydia Erickson,HUBER-HILL,Berlin,xmaldonado@example.com,false,Place child law rate west upon great large.,3,656,46,2020-11-04
waltercandice,Thomas Conway,REYNOLDS-FLETCHER,Berlin,lblevins@example.org,false,Grow physical visit key.,43,373,59,2020-05-31
iwong,James Davis,AVILA-FERGUSON,Berlin,amanda57@example.com,true,Production anything chance good day.,28,276,1,2023-09-06
vincentcortez,Denise Rush,"JONES, NICHOLS AND JEFFERSON",Berlin,tellis@example.com,false,Perhaps though shake opportunity accept else mention only.,36,875,77,2024-08-27
shellypena,Paula Lang,"BURNETT, RIVAS AND BYRD",Berlin,nicholas53@example.com,true,Recent authority later difficult role onto.,45,903,36,2022-08-19
terrellbecky,Robin Estes,"BURKE, HOWARD AND SMITH",Berlin,sheila69@example.net,false,Certain strategy participant about.,46,591,1,2023-07-12
cjordan,Benjamin Armstrong,WASHINGTON INC,Berlin,schultzkimberly@example.com,true,Who human others we.,14,560,70,2024-05-05
bprice,Robin Brown,WILLIAMSON-VILLANUEVA,Berlin,hjennings@example.com,true,Similar nice morning alone until story.,23,331,46,2021-07-15
underwoodjohn,Sara Villanueva,THOMPSON LLC,Berlin,sandra27@example.com,false,Black involve safe from activity behavior.,35,604,31,2022-04-18
alexandergreene,Rhonda Carter,FOWLER LTD,Berlin,holly48@example.com,true,Three risk total Mrs artist movement.,34,562,23,2021-04-15
tstrong,Mark Long,CASTANEDA INC,Berlin,akelley@example.com,false,Several nothing popular me particular.,6,357,64,2022-07-15
peterevans,Harold Gonzalez,WILLIAMS-MITCHELL,Berlin,anthonyharrison@example.net,false,Candidate age product far clear.,39,732,80,2024-06-01
williamsonchad,Kelly Bennett,RUIZ PLC,Berlin,kcarter@example.org,true,Single can president represent course.,15,287,46,2021-07-09
ryanricky,Sharon Evans,RUIZ-JONES,Berlin,harrismichael@example.com,true,Anyone think method life finish rest local gas.,7,453,73,2024-07-30
kguerra,Laura Olson,COX PLC,Berlin,nancy82@example.com,false,Suffer wide protect successful sell the.,6,718,6,2023-05-19
kwaller,Victoria Bowman,YU LLC,Berlin,heatherray@example.com,true,Old arrive society many page color.,50,405,52,2020-01-02
coopergreg,Cory Mitchell,NGUYEN-JACKSON,Berlin,knightanna@example.net,false,Continue radio end international.,16,519,60,2021-12-25
alisonwells,Jeremy Sanders,"GIBBS, ALLEN AND SMITH",Berlin,bchan@example.org,false,Nice measure speech activity with there.,45,851,40,2022-03-23
christopherperez,Lisa Meyer,"ANDERSON, RUBIO AND BLACKWELL",Berlin,william42@example.net,true,Nor here compare financial certain.,39,772,97,2020-09-04
jadams,Justin Larson,YOUNG-HERNANDEZ,Berlin,xwang@example.net,false,Decide court wonder act doctor.,17,795,37,2020-10-27
diazeric,Tyler Mcmillan,"NGUYEN, THOMAS AND GOULD",Berlin,mitchellkyle@example.net,true,Fly type keep well public system ready.,26,915,41,2023-03-05
christopher30,John Wilson,"GARDNER, CAREY AND JENKINS",Berlin,sanderschristine@example.net,true,Positive friend human economic.,37,525,39,2023-05-20
jvillarreal,Patrick Kelly,ALLEN-PHILLIPS,Berlin,nataliehaynes@example.net,false,White high throw.,38,378,93,2022-11-12
gordonmark,Daniel Becker,CAMPBELL-GRAVES,Berlin,greenalexandra@example.com,true,Then offer would do community even exactly.,12,698,97,2023-02-28
kathleen01,Stephanie Skinner,"WANG, THOMPSON AND WILLIAMS",Berlin,sandra60@example.net,false,Rate necessary here effort.,2,766,62,2021-11-06
diana54,Jay Mcfarland,"BLAIR, HERNANDEZ AND SMITH",Berlin,hfleming@example.com,false,Thousand down dream good wait relationship.,19,909,93,2024-06-16
calhounscott,John Stewart,RODRIGUEZ LTD,Berlin,jacobjones@example.org,true,Church property myself report.,50,292,72,2023-05-03
patricia90,Melissa Hicks,CISNEROS-JONES,Berlin,joshua52@example.com,false,Positive everything serious easy.,37,218,25,2020-04-23
hayleyrice,Sheena Mccarthy,JONES LLC,Berlin,bmann@example.net,false,Describe cut oil statement enough new.,30,524,15,2022-03-05
jennifer26,Perry Levine,"WARD, BROWN AND LOPEZ",Berlin,jamesortiz@example.com,false,Finish size today his should into suggest face.,2,959,20,2020-08-26
danachandler,Brian Clark,"GREEN, GILL AND ROCHA",Berlin,gardnerchristopher@example.net,false,Drive Mr race culture worker.,37,543,86,2024-03-27
charles73,Maria Reid,"BROWN, JONES AND CARR",Berlin,nicholas76@example.net,true,Medical arrive author.,36,780,42,2021-09-28
gibsongeorge,Nancy Hansen,LIN GROUP,Berlin,william53@example.org,false,Performance dark group debate occur able whatever.,27,331,6,2020-03-20
smithshannon,Natasha Howard,"WILLIAMS, NEAL AND JONES",Berlin,kbryant@example.org,false,Trial develop under save moment.,30,510,34,2021-01-12
kaneerika,Jeffrey Huynh,CHANDLER-CARLSON,Berlin,jasonmeza@example.com,true,Organization degree at south.,21,297,98,2021-10-04
marisajohnson,Mitchell Fuentes,HERNANDEZ-WALL,Berlin,hartbob@example.com,false,Show news decade plant far find use.,26,299,6,2023-04-20
nsalas,Judith Krueger,"DODSON, GIBSON AND JACKSON",Berlin,cartermargaret@example.net,false,Kid newspaper that bad.,45,951,79,2023-05-29
annemartin,Jennifer Humphrey,OLSON-CANNON,Berlin,michael69@example.net,false,Eye left follow sort same usually.,1,805,59,2022-03-08
calhountimothy,Christine Levy,BOONE-GUERRA,Berlin,poolejeanne@example.com,false,Guy themselves great through power.,43,901,53,2021-07-06
uleblanc,Randall Ball,CLAYTON AND SONS,Berlin,tabithaking@example.com,false,Air option case.,15,425,62,2023-08-19
angeladavis,James Washington,GRIFFIN-FLORES,Berlin,sampsonerica@example.org,false,Finally century organization travel five.,44,859,6,2023-05-15
vincentrobert,Michael Vance,CLARK-WILSON,Berlin,istephens@example.net,true,Movie go note next tonight.,20,729,96,2023-10-30
diana01,Elizabeth Gonzalez,COOK-CHARLES,Berlin,jose34@example.org,true,By pull list respond movie.,33,675,87,2020-04-27
susan14,Joseph Hunt,"BRENNAN, HARRIS AND MOORE",Berlin,yjohnson@example.com,false,Early several system.,16,581,91,2020-10-10
harrismichael,Robert Kennedy,MILLER LLC,Berlin,hbrown@example.net,true,Us put make road more include eight your.,5,231,65,2020-09-18
bhall,Lisa Moreno,CALHOUN GROUP,Berlin,harristeresa@example.net,false,Position quality join special pay produce.,35,994,54,2024-04-04
gwilliams,Jordan Brooks,PETERSON-PEREZ,Berlin,eric68@example.org,true,Yard risk adult news that.,10,239,63,2020-01-20
gonzalezelizabeth,Brenda Phillips,MASON-PEREZ,Berlin,jorgeward@example.com,true,Fund most enjoy long everybody information.,47,350,73,2022-05-25
dorothy33,Caitlin Smith,HARRIS-CLARK,Berlin,krista93@example.org,true,Authority east material house person.,32,232,22,2024-04-16
spencerjacqueline,Allison Francis,ROBERTS-SANFORD,Berlin,angelawagner@example.net,false,Decision term candidate.,45,770,100,2021-02-28
howardseth,Andrew Ball,RAY-WILSON,Berlin,javier45@example.org,true,Car capital language likely himself information safe.,7,483,75,2021-11-24
kyle16,Cody Stanton,ROWE-ARNOLD,Berlin,perezryan@example.com,false,Something bill identify kind take foreign cold.,2,671,55,2022-11-04
kcrosby,Thomas Bryant,RIVERA-HERNANDEZ,Berlin,stephanie58@example.net,false,Understand small reduce nothing any interview country.,6,698,87,2021-12-05
qharris,Debra Rogers,HALEY-YOUNG,Berlin,anthonydavis@example.com,true,White debate example see attention tough which.,28,789,72,2021-07-20
walkerchristopher,Jaclyn Williams,ROBINSON-HERNANDEZ,Berlin,kellerjoseph@example.com,true,Mission best table leg husband career.,43,814,27,2022-01-16
deborah81,Lauren Mclean,"ATKINS, SMITH AND BYRD",Berlin,kaitlin59@example.org,false,Usually special environment several.,29,281,27,2020-04-29
lauriedunlap,Dylan Castillo,"PETERS, ROSS AND VANG",Berlin,pittmanpaula@example.com,false,Color could pass huge national as.,20,402,13,2022-01-09
kristinehamilton,Valerie Taylor,RICHARDSON-CAMACHO,Berlin,nhayes@example.com,false,Understand near anything late.,21,847,25,2023-03-08
gary73,Rose Carter,"GONZALEZ, BUCHANAN AND BURCH",Berlin,joseph32@example.com,false,Role hit seat president last write.,25,253,75,2024-09-21
kaitlyn06,Carrie Reyes,CLARK LLC,Berlin,berryjames@example.com,true,Mission if expert.,29,968,77,2023-09-15
fmedina,David Ross,"ARELLANO, WONG AND CASE",Berlin,jenniferwalls@example.com,false,Wait want cold dark among break.,45,885,100,2020-08-10
goodwinjames,Rebecca Arellano,"GIBSON, SPENCER AND STEWART",Berlin,robert67@example.net,false,Course me provide reality decide again.,11,975,99,2023-01-16
ethanhebert,George Stevenson,HARRISON PLC,Berlin,heidi00@example.org,false,Wonder guy establish.,45,728,100,2020-10-10
nbaker,Sarah Meyer,VELASQUEZ LLC,Berlin,denniscarroll@example.com,false,Material benefit view production instead company PM race.,28,742,60,2023-01-06
robertcoleman,Anthony Nguyen,SMITH-BATES,Berlin,phuerta@example.com,false,A attention lay.,38,628,28,2023-02-04
nathan13,Natasha Miller,MARTIN AND SONS,Berlin,robertmartinez@example.org,true,Thing nearly issue gas.,44,413,53,2022-12-10
dylan34,Terrance Harrison,SCHMIDT-PINEDA,Berlin,salazarterri@example.com,false,Social week he born way special above.,15,575,47,2021-09-16
jameshernandez,Dana Duran,ROACH-LEVY,Berlin,sabrina82@example.net,false,Wonder main none leg.,5,826,73,2023-03-28
kmiller,Megan Moore,GRAHAM-BRIGHT,Berlin,wwilson@example.net,false,Baby cold prepare talk power feel.,36,908,27,2023-04-24
ryan94,Joseph Duffy,SMITH INC,Berlin,dana65@example.org,true,Cut sure tough more style.,32,921,39,2021-12-17
ycastillo,Kyle Thomas,WILSON AND SONS,Berlin,morganjerry@example.com,true,Today ask enough view possible turn.,2,795,44,2020-05-15
khunt,Heather Carrillo,SPENCER-MYERS,Berlin,elizabeth03@example.net,true,Hotel sport most follow animal camera only short.,33,258,21,2024-05-17
pamela41,Vernon Gregory,VALDEZ INC,Berlin,dhernandez@example.org,true,Individual wear couple both physical practice.,12,755,2,2020-07-25
warrenheidi,Tracey Johnson,"PATTERSON, HARRIS AND GREEN",Berlin,phillip70@example.net,true,Avoid mention deal heavy.,3,505,2,2024-03-15
welchjohn,Emily Mack,COLON LTD,Berlin,clarkerik@example.com,true,Affect over writer watch store also civil ten.,40,332,81,2021-05-02
wbuck,Anthony Brown,"PEREZ, MILLS AND KENNEDY",Berlin,cwest@example.com,false,War upon sometimes while.,30,240,11,2024-10-26
davisjuan,Cody Koch,BURGESS LLC,Berlin,alexsanders@example.org,false,Speech get successful PM range onto wait.,50,870,22,2020-05-19
virginia87,Terrance Collier,STEVENS-WILLIAMS,Berlin,franklinbrandy@example.org,false,Adult have environment surface rule former.,2,487,12,2023-12-07
robinsonbrenda,Marissa Gould,ORTIZ-MAYS,Berlin,emily61@example.net,true,Technology expert media.,48,439,95,2020-05-10
glee,Brent Morris,FREEMAN-SCHMITT,Berlin,miagarza@example.org,false,End beat management.,39,643,17,2020-04-11
uweber,Patricia Taylor,ZHANG INC,Berlin,matthew71@example.com,false,Bring option indeed require.,31,955,90,2023-04-11
johnbeck,Shane Smith,JOHNSON-JOHNSON,Berlin,robertcrosby@example.org,false,Quality Congress nature kid.,2,642,19,2021-03-20
nelsonlaura,Edward Nichols,OBRIEN LLC,Berlin,preese@example.org,true,Either place sense street.,36,372,90,2021-09-28
erin01,Jorge Gray,"PACHECO, ROTH AND ROSS",Berlin,kwalker@example.net,false,Not including former can little.,9,730,58,2020-06-26
nmccarthy,Sarah Mitchell,NICHOLS-MILLS,Berlin,barnesrobin@example.org,true,Would their pull discussion different represent include.,16,434,22,2024-07-12
spacheco,Jack Rios,BENITEZ-GONZALES,Berlin,mckenzieclinton@example.net,false,About senior probably exactly consider note thought.,33,528,16,2020-05-05
zjohnson,William Wilson,SHAFFER AND SONS,Berlin,matthew66@example.net,false,Develop create class show specific almost.,46,827,67,2023-09-19
donna20,Kaylee Torres,"LAWSON, KIRBY AND BAKER",Berlin,briannaavila@example.org,true,Agree attack order tend.,44,714,18,2020-05-26
wendyboone,Breanna Shah,"BUCKLEY, CASTRO AND BARRY",Berlin,thompsoneric@example.com,true,Heavy customer so too although know.,16,451,82,2024-06-02
wilsonangela,Patricia Taylor,WARREN GROUP,Berlin,njames@example.com,false,Discussion all another television by miss exist.,18,421,22,2024-10-19
adam54,Sandra Murphy,GARCIA-MORROW,Berlin,hbennett@example.com,true,Take very image economic the.,21,967,47,2020-10-29
jeffreymiles,Richard Berg,LARSON-REID,Berlin,samuelreid@example.net,true,Building technology as heart million.,32,613,4,2023-12-14
john15,Misty Peterson,HUGHES PLC,Berlin,rodriguezjames@example.org,true,Popular war edge attack but authority idea.,28,858,61,2021-05-29
shane70,Kevin Mitchell,WADE LTD,Berlin,robert77@example.org,true,Behind send eat respond military pass surface.,31,795,92,2023-10-15
ynixon,Jesus Macdonald,GIBSON-ROWE,Berlin,fullerdeborah@example.com,false,Family western fish board free.,10,483,82,2021-11-16
christianperez,Carlos Rodriguez,DAVIS-CASTRO,Berlin,traceymorales@example.org,false,Big deal animal prevent growth mind serve.,1,459,83,2022-10-26
gibsoncory,Amy Bridges,"RYAN, PETERS AND SMITH",Berlin,ttorres@example.net,true,Already pressure new stand.,31,771,55,2020-02-22
daniellefernandez,David Fisher,WILLIAMS-WOLF,Berlin,dwilliams@example.org,false,Simple should throughout.,18,337,63,2023-03-29
harveyshawn,Benjamin Hancock,"WELLS, KING AND IBARRA",Berlin,braunkaren@example.net,false,Nor affect each remain.,27,361,98,2022-05-01
nlynch,Ashley Mckinney,"BAKER, VALENZUELA AND HORTON",Berlin,xadams@example.com,false,Relationship growth option current build.,48,398,54,2024-06-08
carmen54,Jennifer Ashley,"RICH, TUCKER AND CUNNINGHAM",Berlin,amybrown@example.org,false,Movie vote draw require early.,28,455,29,2021-01-23
cliffordwagner,Karen Williams,"FISCHER, FRY AND SMITH",Berlin,levylauren@example.com,false,Cell enough owner other fish best call.,29,560,93,2021-03-25
bingram,Nicole Gray,YOUNG-ZIMMERMAN,Berlin,kennedyzachary@example.com,false,About skill perform class.,12,801,77,2023-06-06
alexabird,Christopher Dickerson,COOK LLC,Berlin,rebecca60@example.com,true,Doctor yourself so television receive spring.,50,594,98,2020-12-24
ariana12,John Gallegos,JONES-WHITE,Berlin,masonbrittany@example.org,false,Eat represent community total task door.,18,373,24,2021-12-17
velazquezxavier,Cory Roman,"FULLER, GONZALEZ AND WU",Berlin,urichardson@example.org,true,Paper could morning drop organization situation interesting.,25,472,9,2021-05-11
smithanthony,Eric Johns,SUMMERS LLC,Berlin,kgreen@example.com,true,Foot economic win huge sport training rock various.,12,931,9,2023-11-22
xbuchanan,Jennifer Maxwell,JACOBS-HERMAN,Berlin,bmoran@example.org,true,Song factor prevent during personal health do.,10,790,58,2020-07-04
psutton,Jasmine Smith,WHITE-GARCIA,Berlin,davidjackson@example.org,false,Among respond trade cultural east five peace.,19,616,52,2020-02-12
nicolemartin,William Fuller,KEITH-SNOW,Berlin,mariafox@example.com,false,Able daughter audience care teach benefit theory.,12,974,28,2022-05-24
mirandafloyd,Justin Edwards,"WATSON, ALLEN AND WILLIAMS",Berlin,murphyjeanne@example.org,false,Cell want lawyer wonder.,25,971,18,2021-03-21
paula95,Ricky Johnson,"MORRISON, AUSTIN AND ACOSTA",Berlin,rbrown@example.com,true,Three account bed around follow particularly.,22,986,80,2024-09-01
rebeccawright,Jason Young,THOMPSON-ABBOTT,Berlin,nixonerica@example.com,true,Simple car clear difficult mother against employee.,46,900,34,2021-07-08
phillipssandra,Jeffrey Baker,WALKER PLC,Berlin,nmartinez@example.org,false,School along although picture.,7,917,43,2022-03-14
underwoodjonathan,Derek Salazar,"GLENN, ROSE AND FERNANDEZ",Berlin,morganconnie@example.com,true,Garden sea hundred baby.,36,382,15,2022-07-25
denisediaz,Alicia Bryant,"CERVANTES, MATHIS AND COWAN",Berlin,mcgeecourtney@example.net,true,Environmental specific TV edge poor.,37,523,24,2024-05-20
ochapman,Douglas Williams,POWELL INC,Berlin,caitlinbrooks@example.com,true,Analysis general throughout red president meeting.,27,334,41,2023-02-09
jameskemp,Colleen Brown,GORDON-SMITH,Berlin,jeffreyvasquez@example.com,false,When Republican ago.,36,757,75,2021-10-13
sheateresa,Steven Myers,WU-SMITH,Berlin,vlindsey@example.net,false,Ask give ground event group scientist it.,20,901,28,2022-09-03
donovanlaura,Patrick Walter,HARRIS-SIMMONS,Berlin,ramosjill@example.com,false,Organization accept structure data agreement different.,20,928,75,2021-09-29
kevin75,Barry Richardson,MYERS LLC,Berlin,tyler43@example.org,false,Bad notice forget community by return consider hope.,6,519,66,2021-12-09
torresdaniel,David Pollard,DUNN GROUP,Berlin,robertowood@example.com,true,School perform usually manage what help.,13,450,9,2024-07-28
uhunt,Robin Stevens,BOONE-ELLIS,Berlin,whitekatherine@example.net,true,Religious material industry huge discussion believe pick.,25,505,37,2021-10-08
rebecca17,Jason Turner,"HUFFMAN, SAVAGE AND TAYLOR",Berlin,hramos@example.net,false,Garden miss everybody there election total.,34,360,91,2023-08-10
steven26,Anne Giles,HARRIS-ADAMS,Berlin,lisazavala@example.org,true,Likely create night political church blue clearly model.,6,744,53,2020-07-04
stephenmyers,Amanda Harris,"KING, TRAN AND HILL",Berlin,allisonhess@example.org,false,Case score difference tend conference.,17,531,95,2024-02-09
zbanks,Peter Harper,"MELTON, ROACH AND HOOVER",Berlin,cobrien@example.org,true,Behind level plant.,40,633,62,2024-04-07
nstanton,Doris Robertson,"COLEMAN, KRUEGER AND WARREN",Berlin,jenny77@example.org,false,Them represent book act understand garden ten.,34,876,60,2023-12-13
garyreyes,Johnny Camacho,HOLT-TAYLOR,Berlin,cruzeric@example.com,true,Own so write nothing eat book partner.,11,276,49,2023-12-03
iswanson,Charles Sellers,"WHITE, ELLIOTT AND HERNANDEZ",Berlin,wmarsh@example.com,true,At guess figure.,9,493,80,2020-09-24
randallcheryl,Pamela Jackson,"SOTO, MARTIN AND ALLEN",Berlin,davidthomas@example.com,false,Instead effort student back example available machine chance.,17,518,73,2020-04-18
kristinahensley,Angela Kelley,DEAN-GREGORY,Berlin,clarkelauren@example.net,true,Do city again PM world.,6,917,26,2020-04-13
cainmike,Teresa Ramirez,"SCOTT, CARNEY AND LARA",Berlin,derek13@example.org,true,Drive standard next very process himself yeah.,25,333,52,2023-08-17
shelleyayers,Mike Fields,TAYLOR INC,Berlin,santanawilliam@example.net,false,Among my senior grow.,41,305,78,2020-01-14
ylandry,Glenn Walls Jr.,WILSON LLC,Berlin,bmerritt@example.net,false,Outside become arm rest.,11,682,77,2021-07-03
ferrellyvonne,Roberta Cannon,DIAZ LLC,Berlin,srivera@example.org,false,Budget what within single official party oil.,50,483,5,2024-08-05
julie55,Patricia Vance,MUNOZ GROUP,Berlin,woodrhonda@example.org,false,Crime article real carry physical participant high.,24,575,88,2023-10-22
valerielowery,Linda Hampton,DAVIS LTD,Berlin,ydavis@example.com,false,Market good chair treatment education available.,15,772,71,2024-09-16
urichardson,David Bailey,BAKER-COX,Berlin,jose93@example.net,false,Professor sense most know magazine scene.,7,494,62,2022-09-02
johnthomas,Grant Mann,STEVENSON LLC,Berlin,rangelsandra@example.org,true,Describe no sense general.,33,583,86,2022-01-04
mschroeder,Adrienne Rubio,GILBERT AND SONS,Berlin,ywilliams@example.com,true,Think father floor well matter country ok.,43,651,80,2022-02-16
csmith,Leah Wagner,ADAMS-KIM,Berlin,rfigueroa@example.org,true,Those last score main president both guy picture.,36,966,18,2022-02-01
walterjessica,Christine White,BARAJAS-WILLIAMS,Berlin,rhondasmith@example.net,true,Put future child final sea.,38,598,37,2020-03-10
alexandra66,Robert Adams,"HUGHES, PEREZ AND DAVIS",Berlin,cooleycurtis@example.org,true,Only American lot treat maybe establish.,47,954,76,2020-05-18
bentleysonya,Terry Clay,DAVIS GROUP,Berlin,christopherbarajas@example.com,true,East under manager while.,3,673,10,2022-07-25
hunterkristen,Sara Wilson,"DAVIS, ROGERS AND ELLIS",Berlin,zreynolds@example.net,false,His live name science tax sport join.,4,928,56,2021-08-25
ginachambers,James Gonzales,DAVIS-RUSSELL,Berlin,kweiss@example.com,false,Doctor lot evidence above month still remain.,30,279,92,2022-03-06
tolson,Caroline Hall,PALMER LTD,Berlin,waltersbrian@example.net,false,Local food customer professor.,8,668,14,2020-01-31
evelyntaylor,Nathaniel Morton,REED-HOWARD,Berlin,walkerchristopher@example.net,false,Society behind nation pay need suggest.,48,801,99,2021-02-07
lawrence43,Shawn Boyer,HAYES LTD,Berlin,schroedercaleb@example.net,true,Manager science reach tree business weight.,15,766,45,2024-06-10
floresmelinda,Sherry Velazquez,"GARCIA, ALEXANDER AND FARMER",Berlin,georgeanderson@example.com,true,Today social have husband owner.,28,943,93,2023-03-19
harveyjonathon,Derrick Savage,WALKER-CHEN,Berlin,robertsnatalie@example.net,true,Hundred would western require usually it.,15,393,46,2021-12-21
cordovajuan,Peter Russell,STEVENS LTD,Berlin,brittany28@example.org,true,Raise brother have building record agency yeah.,31,336,86,2024-05-05
davismichael,David Henderson,LYNN-THOMAS,Berlin,andrea74@example.com,false,Happy resource hope clear peace term.,22,484,52,2021-04-02
chadhansen,Sarah Lara,DAVIS GROUP,Berlin,ypatel@example.org,true,Avoid traditional culture go public full whom.,26,633,88,2022-08-25
yochoa,Carolyn Love,ANDERSON-PENA,Berlin,hernandezwhitney@example.net,true,Newspaper before final take party.,18,656,98,2022-04-06
woodsvanessa,Joseph Brown,LONG LTD,Berlin,racheldavis@example.net,true,Part establish ahead military.,1,565,29,2024-05-02
umorales,Barbara Carter,BURKE-GUERRERO,Berlin,ericabright@example.com,false,Effect when picture through.,38,946,24,2021-09-16
davistimothy,Ryan Gutierrez,JACKSON-CASEY,Berlin,avilaabigail@example.com,false,Billion his room form enter.,43,683,85,2023-05-24
richardsonsara,Dr. Denise Nguyen DDS,"STEVENS, JACKSON AND WHEELER",Berlin,moorejerry@example.com,false,Character out child although almost yard our reality.,24,546,98,2024-07-10
sandy07,Michael Jimenez,"YOUNG, LIVINGSTON AND WARD",Berlin,brandi09@example.org,true,Process find church five mouth.,9,574,78,2023-06-08
christopher45,David Bell,LARSON-SMITH,Berlin,lawrencereed@example.com,true,After guy here.,41,357,42,2021-08-25
steven67,Amanda Clark,"MCINTYRE, ROMERO AND CUMMINGS",Berlin,mahoneynicole@example.net,false,Let stand exactly financial safe.,49,307,21,2021-10-06
bshaw,Amy Smith,BAXTER-HERNANDEZ,Berlin,leslierodriguez@example.org,true,Present mother poor expert center still piece.,50,614,16,2020-08-02
taylorrobert,Stephanie Quinn,BRYANT LTD,Berlin,jasongarcia@example.com,true,Likely process arrive listen future force.,16,398,64,2021-03-14
stephenrusso,Ms. Rhonda Thompson MD,"CHRISTIAN, SUMMERS AND WEAVER",Berlin,ebarnes@example.com,true,Move dark minute.,23,211,38,2020-04-29
meredith46,George Lawson,HALE-HAYES,Berlin,harrisbonnie@example.org,false,Attorney list likely even involve off.,20,905,39,2023-11-03
tinacarpenter,Desiree Miller,BANKS LTD,Berlin,juan50@example.org,true,International young minute community off seat.,32,769,42,2023-12-23
butlerkaren,Kyle Pineda,"PALMER, HERNANDEZ AND MORRIS",Berlin,vincentwilkerson@example.com,false,Expert produce value rich prove.,48,330,23,2023-12-01
rubenortiz,Holly Luna,MEYER-WILCOX,Berlin,leslie40@example.com,false,Bring thus foot window during school.,14,258,62,2023-01-27
williambriggs,Joseph Williams,SPENCER AND SONS,Berlin,kenneth08@example.com,true,Set number way another fly.,42,367,41,2021-09-24
john20,Rachel Wells,CHRISTENSEN PLC,Berlin,lisathomas@example.org,true,Unit military financial center painting.,6,238,26,2024-03-24
lisa98,Brenda Moss,WIGGINS-BROWN,Berlin,khernandez@example.org,true,Congress window book PM.,31,230,63,2020-04-06
mooreernest,Blake Sharp,SHARP-MILES,Berlin,andrewwiggins@example.org,false,Single special north determine before figure thing.,20,723,43,2021-02-07
jodibrown,Megan Pope,MOON INC,Berlin,larry48@example.net,false,Carry work best budget performance ground.,7,642,46,2022-08-23
victoriapoole,Mr. Ronald Cooper DVM,"MILLER, WILKERSON AND PEREZ",Berlin,roymatthew@example.org,true,Those bank recent or father painting.,27,946,66,2024-07-27
nicolelewis,Charles Stein,"CHAPMAN, MILES AND WILLIAMS",Berlin,melissacampbell@example.org,false,Where herself trouble very place stop career.,49,625,24,2024-05-09
